Composite,Manufacturer,Resin Monomer,Filler,Filler percentage,Type,Hardness N/mm2,modulus of elasticity E [GPa],Flexure strength Mpa,filler_wt,filler_vol,Type_clean,flexural_strength_mpa,type_flowable micro-hybrid,type_flowable nano-filled,type_micro-hybrid,type_mmicro-hybrid,type_nan,type_nano-hybrid,type_nanofilled,has_nanofiller,has_cluster,has_quartz,has_glass,has_zirconia,has_silica,has_fiber,product_id,is_augmented,source_index
ExthetX Plus,Dentsply,Bis-GMA Bis-EMA TEGDMA,Ba–F–Al–B–Si–glass silica nanofiller,"77 wt%, 60 vol%",Micro-hybrid,67.1 (5.7) ,10.7 (1.5)  ,120.03 (11.66),77.0,60.0,micro-hybrid,120.03,False,False,True,False,False,False,False,1.0,0.0,0.0,1.0,0.0,1.0,0.0,prod_000,0,0
ExthetX Plus,Dentsply,Bis-GMA Bis-EMA TEGDMA,Ba–F–Al–B–Si–glass silica nanofiller,"77 wt%, 60 vol%",Micro-hybrid,67.1 (5.7) ,10.7 (1.5)  ,120.03 (11.66),76.03395891512469,62.7042858384595,micro-hybrid,120.03,0.071,0.002,1.047,0.083,0.021,0.018,0.018,1.023,0.06,0.016,0.966,0.006,1.037,0.06,prod_000,1,0
ExthetX Plus,Dentsply,Bis-GMA Bis-EMA TEGDMA,Ba–F–Al–B–Si–glass silica nanofiller,"77 wt%, 60 vol%",Micro-hybrid,67.1 (5.7) ,10.7 (1.5)  ,120.03 (11.66),75.49266527078844,60.148538589793425,micro-hybrid,120.03,0.079,0.02,1.001,0.059,0.005,0.061,0.017,0.993,0.029,0.061,0.964,0.029,0.987,0.046,prod_000,1,0
ExthetX Plus,Dentsply,Bis-GMA Bis-EMA TEGDMA,Ba–F–Al–B–Si–glass silica nanofiller,"77 wt%, 60 vol%",Micro-hybrid,67.1 (5.7) ,10.7 (1.5)  ,120.03 (11.66),73.65089726598664,62.69331322352001,micro-hybrid,120.03,0.05,0.003,1.041,0.026,0.066,0.031,0.052,1.047,0.081,0.03,0.96,0.068,0.994,0.012,prod_000,1,0
ExthetX Plus,Dentsply,Bis-GMA Bis-EMA TEGDMA,Ba–F–Al–B–Si–glass silica nanofiller,"77 wt%, 60 vol%",Micro-hybrid,67.1 (5.7) ,10.7 (1.5)  ,120.03 (11.66),77.35966915094326,58.10912673315316,micro-hybrid,120.03,0.02,0.005,0.983,0.039,0.027,0.083,0.036,1.047,0.078,0.094,1.039,0.06,1.042,0.009,prod_000,1,0
ExthetX Plus,Dentsply,Bis-GMA Bis-EMA TEGDMA,Ba–F–Al–B–Si–glass silica nanofiller,"77 wt%, 60 vol%",Micro-hybrid,67.1 (5.7) ,10.7 (1.5)  ,120.03 (11.66),75.31319572459283,60.25617649894949,micro-hybrid,120.03,0.082,0.071,1.023,0.077,0.007,0.036,0.012,0.964,0.08,0.007,1.049,0.077,0.97,0.001,prod_000,1,0
ExthetX Plus,Dentsply,Bis-GMA Bis-EMA TEGDMA,Ba–F–Al–B–Si–glass silica nanofiller,"77 wt%, 60 vol%",Micro-hybrid,67.1 (5.7) ,10.7 (1.5)  ,120.03 (11.66),79.79589637924208,60.73978876096535,micro-hybrid,120.03,0.047,0.012,1.021,0.076,0.056,0.077,0.049,0.983,0.006,0.031,0.983,0.073,1.014,0.089,prod_000,1,0
ExthetX Plus,Dentsply,Bis-GMA Bis-EMA TEGDMA,Ba–F–Al–B–Si–glass silica nanofiller,"77 wt%, 60 vol%",Micro-hybrid,67.1 (5.7) ,10.7 (1.5)  ,120.03 (11.66),77.17504278624136,59.5652461101513,micro-hybrid,120.03,0.025,0.041,1.026,0.023,0.008,0.029,0.016,0.953,0.011,0.003,1.014,0.031,1.001,0.091,prod_000,1,0
ExthetX Plus,Dentsply,Bis-GMA Bis-EMA TEGDMA,Ba–F–Al–B–Si–glass silica nanofiller,"77 wt%, 60 vol%",Micro-hybrid,67.1 (5.7) ,10.7 (1.5)  ,120.03 (11.66),80.30867192303782,61.8487222773865,micro-hybrid,120.03,0.09,0.032,0.961,0.023,0.043,0.082,0.086,1.013,0.087,0.08,0.969,0.089,1.004,0.081,prod_000,1,0
ExthetX Plus,Dentsply,Bis-GMA Bis-EMA TEGDMA,Ba–F–Al–B–Si–glass silica nanofiller,"77 wt%, 60 vol%",Micro-hybrid,67.1 (5.7) ,10.7 (1.5)  ,120.03 (11.66),73.20353140509016,60.064483815465394,micro-hybrid,120.03,0.07,0.036,1.047,0.096,0.025,0.05,0.03,0.992,0.022,0.012,0.984,0.094,0.982,0.052,prod_000,1,0
Filtek Supreme Plus,3M-ESPE,"BIS-GMA BIS-EMA UDMA, TEGDMA","Silica nanofiller, zirconia/silica nanocluster","78.5 wt%, 59.5 vol%",Nanofilled,83.9 (5.3)  ,12.5 (1.3)  ,96.77 (21.48,78.5,59.5,nanofilled,96.77,False,False,False,False,False,False,True,1.0,1.0,0.0,0.0,1.0,1.0,0.0,prod_001,0,2
Filtek Supreme Plus,3M-ESPE,"BIS-GMA BIS-EMA UDMA, TEGDMA","Silica nanofiller, zirconia/silica nanocluster","78.5 wt%, 59.5 vol%",Nanofilled,83.9 (5.3)  ,12.5 (1.3)  ,96.77 (21.48,76.81099788086311,56.744477336759466,nanofilled,96.77,0.049,0.099,0.024,0.067,0.076,0.024,1.023,1.011,1.0,0.005,0.028,1.041,0.974,0.014,prod_001,1,2
Filtek Supreme Plus,3M-ESPE,"BIS-GMA BIS-EMA UDMA, TEGDMA","Silica nanofiller, zirconia/silica nanocluster","78.5 wt%, 59.5 vol%",Nanofilled,83.9 (5.3)  ,12.5 (1.3)  ,96.77 (21.48,77.46209759184615,60.2872196920318,nanofilled,96.77,0.059,0.068,0.002,0.051,0.023,0.065,0.967,1.013,1.004,0.009,0.084,0.982,0.969,0.004,prod_001,1,2
Filtek Supreme Plus,3M-ESPE,"BIS-GMA BIS-EMA UDMA, TEGDMA","Silica nanofiller, zirconia/silica nanocluster","78.5 wt%, 59.5 vol%",Nanofilled,83.9 (5.3)  ,12.5 (1.3)  ,96.77 (21.48,79.99886124410436,58.82607531048819,nanofilled,96.77,0.066,0.082,0.056,0.053,0.024,0.009,1.04,1.044,0.964,0.034,0.011,1.042,1.038,0.026,prod_001,1,2
Filtek Supreme Plus,3M-ESPE,"BIS-GMA BIS-EMA UDMA, TEGDMA","Silica nanofiller, zirconia/silica nanocluster","78.5 wt%, 59.5 vol%",Nanofilled,83.9 (5.3)  ,12.5 (1.3)  ,96.77 (21.48,81.64328174873214,60.291953670775946,nanofilled,96.77,0.008,0.016,0.09,0.061,0.001,0.01,1.016,0.984,0.985,0.073,0.09,1.039,1.028,0.064,prod_001,1,2
Filtek Supreme Plus,3M-ESPE,"BIS-GMA BIS-EMA UDMA, TEGDMA","Silica nanofiller, zirconia/silica nanocluster","78.5 wt%, 59.5 vol%",Nanofilled,83.9 (5.3)  ,12.5 (1.3)  ,96.77 (21.48,74.61473343319281,57.48180790593412,nanofilled,96.77,0.075,0.065,0.085,0.066,0.057,0.009,0.987,1.005,1.019,0.065,0.022,1.021,0.974,0.033,prod_001,1,2
Filtek Supreme Plus,3M-ESPE,"BIS-GMA BIS-EMA UDMA, TEGDMA","Silica nanofiller, zirconia/silica nanocluster","78.5 wt%, 59.5 vol%",Nanofilled,83.9 (5.3)  ,12.5 (1.3)  ,96.77 (21.48,76.65683858630155,57.976738378105544,nanofilled,96.77,0.049,0.02,0.072,0.028,0.002,0.065,0.968,1.047,0.989,0.089,0.063,1.029,1.0,0.058,prod_001,1,2
Filtek Supreme Plus,3M-ESPE,"BIS-GMA BIS-EMA UDMA, TEGDMA","Silica nanofiller, zirconia/silica nanocluster","78.5 wt%, 59.5 vol%",Nanofilled,83.9 (5.3)  ,12.5 (1.3)  ,96.77 (21.48,81.95759988717037,62.200875033165396,nanofilled,96.77,0.085,0.029,0.039,0.085,0.032,0.017,1.006,1.041,0.987,0.002,0.093,0.993,1.047,0.096,prod_001,1,2
Filtek Supreme Plus,3M-ESPE,"BIS-GMA BIS-EMA UDMA, TEGDMA","Silica nanofiller, zirconia/silica nanocluster","78.5 wt%, 59.5 vol%",Nanofilled,83.9 (5.3)  ,12.5 (1.3)  ,96.77 (21.48,81.92381497716214,60.66637729021608,nanofilled,96.77,0.074,0.07,0.07,0.036,0.029,0.081,1.031,1.007,0.96,0.062,0.099,0.964,1.002,0.088,prod_001,1,2
Filtek Supreme Plus,3M-ESPE,"BIS-GMA BIS-EMA UDMA, TEGDMA","Silica nanofiller, zirconia/silica nanocluster","78.5 wt%, 59.5 vol%",Nanofilled,83.9 (5.3)  ,12.5 (1.3)  ,96.77 (21.48,81.38151770085382,61.958781287711,nanofilled,96.77,0.034,0.038,0.009,0.058,0.004,0.047,1.004,1.001,1.0,0.08,0.065,1.02,1.03,0.089,prod_001,1,2
Surefill SDR flow,Dentsply Caulk,"UDMA, TEGDMA, EBPDMA","Barium-aluminofluoroborosilicate glass, strontium-aluminofluoroborosilicate glass","68 wt%, 44 vol%",,54.2 (1.9),5.0 (0.4),131.8 (5.8),68.0,44.0,nan,131.8,False,False,False,False,True,False,False,0.0,0.0,0.0,1.0,0.0,1.0,0.0,prod_002,0,5
Surefill SDR flow,Dentsply Caulk,"UDMA, TEGDMA, EBPDMA","Barium-aluminofluoroborosilicate glass, strontium-aluminofluoroborosilicate glass","68 wt%, 44 vol%",,54.2 (1.9),5.0 (0.4),131.8 (5.8),66.54848051447233,44.39966634650364,nan,131.8,0.022,0.062,0.009,0.005,1.003,0.054,0.064,0.003,0.004,0.082,0.986,0.013,1.002,0.077,prod_002,1,5
Surefill SDR flow,Dentsply Caulk,"UDMA, TEGDMA, EBPDMA","Barium-aluminofluoroborosilicate glass, strontium-aluminofluoroborosilicate glass","68 wt%, 44 vol%",,54.2 (1.9),5.0 (0.4),131.8 (5.8),69.5374210693141,46.09374914963516,nan,131.8,0.096,0.084,0.07,0.041,0.967,0.016,0.025,0.052,0.032,0.08,0.977,0.044,0.958,0.003,prod_002,1,5
Surefill SDR flow,Dentsply Caulk,"UDMA, TEGDMA, EBPDMA","Barium-aluminofluoroborosilicate glass, strontium-aluminofluoroborosilicate glass","68 wt%, 44 vol%",,54.2 (1.9),5.0 (0.4),131.8 (5.8),68.33474132000163,44.944222059880275,nan,131.8,0.025,0.036,0.076,0.001,0.962,0.005,0.004,0.066,0.028,0.095,1.024,0.055,1.011,0.042,prod_002,1,5
Surefill SDR flow,Dentsply Caulk,"UDMA, TEGDMA, EBPDMA","Barium-aluminofluoroborosilicate glass, strontium-aluminofluoroborosilicate glass","68 wt%, 44 vol%",,54.2 (1.9),5.0 (0.4),131.8 (5.8),70.41713197127484,44.89609458127211,nan,131.8,0.062,0.064,0.005,0.037,1.013,0.05,0.086,0.047,0.01,0.049,0.997,0.017,0.993,0.04,prod_002,1,5
Surefill SDR flow,Dentsply Caulk,"UDMA, TEGDMA, EBPDMA","Barium-aluminofluoroborosilicate glass, strontium-aluminofluoroborosilicate glass","68 wt%, 44 vol%",,54.2 (1.9),5.0 (0.4),131.8 (5.8),69.07911669500882,42.51691147915829,nan,131.8,0.064,0.046,0.055,0.094,0.989,0.096,0.091,0.007,0.064,0.003,1.009,0.094,1.008,0.039,prod_002,1,5
Surefill SDR flow,Dentsply Caulk,"UDMA, TEGDMA, EBPDMA","Barium-aluminofluoroborosilicate glass, strontium-aluminofluoroborosilicate glass","68 wt%, 44 vol%",,54.2 (1.9),5.0 (0.4),131.8 (5.8),65.93137971656722,42.10518972385073,nan,131.8,0.002,0.081,0.028,0.012,1.02,0.063,0.088,0.01,0.002,0.009,1.018,0.007,0.982,0.084,prod_002,1,5
Surefill SDR flow,Dentsply Caulk,"UDMA, TEGDMA, EBPDMA","Barium-aluminofluoroborosilicate glass, strontium-aluminofluoroborosilicate glass","68 wt%, 44 vol%",,54.2 (1.9),5.0 (0.4),131.8 (5.8),69.59848309786642,45.335316093693336,nan,131.8,0.078,0.034,0.093,0.086,0.993,0.075,0.075,0.028,0.018,0.075,1.031,0.099,0.991,0.037,prod_002,1,5
Surefill SDR flow,Dentsply Caulk,"UDMA, TEGDMA, EBPDMA","Barium-aluminofluoroborosilicate glass, strontium-aluminofluoroborosilicate glass","68 wt%, 44 vol%",,54.2 (1.9),5.0 (0.4),131.8 (5.8),65.30124230808434,45.7712327893901,nan,131.8,0.009,0.032,0.095,0.095,1.007,0.063,0.045,0.051,0.083,0.032,1.04,0.039,0.951,0.091,prod_002,1,5
Surefill SDR flow,Dentsply Caulk,"UDMA, TEGDMA, EBPDMA","Barium-aluminofluoroborosilicate glass, strontium-aluminofluoroborosilicate glass","68 wt%, 44 vol%",,54.2 (1.9),5.0 (0.4),131.8 (5.8),66.59383324754684,43.24612399962763,nan,131.8,0.055,0.044,0.089,0.035,0.962,0.014,0.076,0.067,0.075,0.079,1.029,0.009,0.999,0.006,prod_002,1,5
Filtek Bulk Fill,3M ESPE,"Bis-GMA, BisEMA, UDMA, TEGDMA, Procrylat resins","Zirconia/silica, ytterbium trifluoride",42.5 vol%,nanofilled,48.4 (1.3),3.8 (0.4),122.4 (9.6),,42.5,nanofilled,122.4,False,False,False,False,False,False,True,0.0,0.0,0.0,0.0,1.0,1.0,0.0,prod_003,0,6
Filtek Bulk Fill,3M ESPE,"Bis-GMA, BisEMA, UDMA, TEGDMA, Procrylat resins","Zirconia/silica, ytterbium trifluoride",42.5 vol%,nanofilled,48.4 (1.3),3.8 (0.4),122.4 (9.6),,43.002426769094114,nanofilled,122.4,0.008,0.099,0.037,0.037,0.081,0.095,1.049,0.01,0.008,0.07,0.007,1.032,1.021,0.008,prod_003,1,6
Filtek Bulk Fill,3M ESPE,"Bis-GMA, BisEMA, UDMA, TEGDMA, Procrylat resins","Zirconia/silica, ytterbium trifluoride",42.5 vol%,nanofilled,48.4 (1.3),3.8 (0.4),122.4 (9.6),,43.5768572873505,nanofilled,122.4,0.049,0.001,0.047,0.006,0.012,0.012,1.015,0.038,0.008,0.078,0.056,0.992,1.041,0.011,prod_003,1,6
Filtek Bulk Fill,3M ESPE,"Bis-GMA, BisEMA, UDMA, TEGDMA, Procrylat resins","Zirconia/silica, ytterbium trifluoride",42.5 vol%,nanofilled,48.4 (1.3),3.8 (0.4),122.4 (9.6),,43.54569073687805,nanofilled,122.4,0.001,0.097,0.004,0.089,0.053,0.099,0.957,0.058,0.096,0.037,0.029,1.037,0.972,0.096,prod_003,1,6
Filtek Bulk Fill,3M ESPE,"Bis-GMA, BisEMA, UDMA, TEGDMA, Procrylat resins","Zirconia/silica, ytterbium trifluoride",42.5 vol%,nanofilled,48.4 (1.3),3.8 (0.4),122.4 (9.6),,42.72888070870561,nanofilled,122.4,0.09,0.005,0.028,0.095,0.089,0.046,1.012,0.097,0.052,0.063,0.07,0.995,1.013,0.058,prod_003,1,6
Filtek Bulk Fill,3M ESPE,"Bis-GMA, BisEMA, UDMA, TEGDMA, Procrylat resins","Zirconia/silica, ytterbium trifluoride",42.5 vol%,nanofilled,48.4 (1.3),3.8 (0.4),122.4 (9.6),,41.55387002766982,nanofilled,122.4,0.07,0.054,0.031,0.081,0.068,0.016,1.041,0.019,0.046,0.035,0.058,0.958,1.047,0.099,prod_003,1,6
Filtek Bulk Fill,3M ESPE,"Bis-GMA, BisEMA, UDMA, TEGDMA, Procrylat resins","Zirconia/silica, ytterbium trifluoride",42.5 vol%,nanofilled,48.4 (1.3),3.8 (0.4),122.4 (9.6),,43.87078328242347,nanofilled,122.4,0.003,0.038,0.081,0.099,0.015,0.059,0.988,0.095,0.073,0.061,0.042,1.043,1.037,0.005,prod_003,1,6
Filtek Bulk Fill,3M ESPE,"Bis-GMA, BisEMA, UDMA, TEGDMA, Procrylat resins","Zirconia/silica, ytterbium trifluoride",42.5 vol%,nanofilled,48.4 (1.3),3.8 (0.4),122.4 (9.6),,44.49713619071206,nanofilled,122.4,0.081,0.1,0.1,0.056,0.077,0.094,1.035,0.084,0.084,0.047,0.041,0.977,0.956,0.086,prod_003,1,6
Filtek Bulk Fill,3M ESPE,"Bis-GMA, BisEMA, UDMA, TEGDMA, Procrylat resins","Zirconia/silica, ytterbium trifluoride",42.5 vol%,nanofilled,48.4 (1.3),3.8 (0.4),122.4 (9.6),,41.42622943240859,nanofilled,122.4,0.036,0.011,0.067,0.052,0.077,0.052,1.035,0.045,0.013,0.095,0.061,0.973,1.017,0.062,prod_003,1,6
Filtek Bulk Fill,3M ESPE,"Bis-GMA, BisEMA, UDMA, TEGDMA, Procrylat resins","Zirconia/silica, ytterbium trifluoride",42.5 vol%,nanofilled,48.4 (1.3),3.8 (0.4),122.4 (9.6),,42.72060406479156,nanofilled,122.4,0.07,0.021,0.014,0.001,0.035,0.059,0.989,0.056,0.088,0.04,0.013,0.953,1.026,0.062,prod_003,1,6
Herculite Classic,Kerr,"Bis-GMA, TEGDMA",Borosilicate-aluminum glass,59 vol%,,,,76.3 (9.6),,59.0,nan,76.3,False,False,False,False,True,False,False,0.0,0.0,0.0,1.0,0.0,1.0,0.0,prod_004,0,7
Herculite Classic,Kerr,"Bis-GMA, TEGDMA",Borosilicate-aluminum glass,59 vol%,,,,76.3 (9.6),,58.631102039940004,nan,76.3,0.095,0.015,0.093,0.049,0.976,0.046,0.098,0.09,0.035,0.051,1.028,0.04,1.012,0.086,prod_004,1,7
Herculite Classic,Kerr,"Bis-GMA, TEGDMA",Borosilicate-aluminum glass,59 vol%,,,,76.3 (9.6),,58.95644675455793,nan,76.3,0.014,0.064,0.018,0.035,1.04,0.047,0.067,0.033,0.063,0.024,0.958,0.013,0.963,0.015,prod_004,1,7
Herculite Classic,Kerr,"Bis-GMA, TEGDMA",Borosilicate-aluminum glass,59 vol%,,,,76.3 (9.6),,57.066687240089614,nan,76.3,0.046,0.021,0.036,0.05,1.019,0.004,0.08,0.019,0.004,0.017,0.978,0.018,0.959,0.012,prod_004,1,7
Herculite Classic,Kerr,"Bis-GMA, TEGDMA",Borosilicate-aluminum glass,59 vol%,,,,76.3 (9.6),,59.75461229799635,nan,76.3,0.018,0.021,0.037,0.048,1.012,0.037,0.046,0.008,0.087,0.092,0.956,0.028,1.031,0.075,prod_004,1,7
Herculite Classic,Kerr,"Bis-GMA, TEGDMA",Borosilicate-aluminum glass,59 vol%,,,,76.3 (9.6),,60.46007853498916,nan,76.3,0.045,0.053,0.024,0.027,0.988,0.002,0.032,0.004,0.025,0.071,1.04,0.051,1.003,0.011,prod_004,1,7
Herculite Classic,Kerr,"Bis-GMA, TEGDMA",Borosilicate-aluminum glass,59 vol%,,,,76.3 (9.6),,57.29754324127961,nan,76.3,0.009,0.054,0.059,0.075,0.993,0.013,0.028,0.033,0.012,0.089,1.009,0.068,1.029,0.05,prod_004,1,7
Herculite Classic,Kerr,"Bis-GMA, TEGDMA",Borosilicate-aluminum glass,59 vol%,,,,76.3 (9.6),,58.19218554875195,nan,76.3,0.015,0.025,0.016,0.019,0.979,0.017,0.09,0.065,0.057,0.036,1.049,0.061,0.974,0.01,prod_004,1,7
Herculite Classic,Kerr,"Bis-GMA, TEGDMA",Borosilicate-aluminum glass,59 vol%,,,,76.3 (9.6),,56.523379099403684,nan,76.3,0.082,0.026,0.017,0.067,1.043,0.056,0.057,0.052,0.041,0.098,0.961,0.04,1.047,0.087,prod_004,1,7
Herculite Classic,Kerr,"Bis-GMA, TEGDMA",Borosilicate-aluminum glass,59 vol%,,,,76.3 (9.6),,57.70187665259567,nan,76.3,0.061,0.029,0.058,0.015,0.998,0.053,0.005,0.077,0.019,0.032,0.993,0.051,0.974,0.011,prod_004,1,7
Tetric EvoCeram Bulk Fill,Ivoclar Vivadent,"Bis-GMA, UDMA","Barium glass, ytterbium trifluoride, oxides and prepolymers",60 vol% (17% pre-polymers,nano-hybrid,78.4 (6.7),4.5 (0.8),120.8 (12.7),,60.0,nano-hybrid,120.8,False,False,False,False,False,True,False,0.0,0.0,0.0,1.0,0.0,0.0,0.0,prod_005,0,8
Tetric EvoCeram Bulk Fill,Ivoclar Vivadent,"Bis-GMA, UDMA","Barium glass, ytterbium trifluoride, oxides and prepolymers",60 vol% (17% pre-polymers,nano-hybrid,78.4 (6.7),4.5 (0.8),120.8 (12.7),,59.01962566916352,nano-hybrid,120.8,0.076,0.06,0.047,0.041,0.035,1.043,0.083,0.013,0.006,0.099,0.982,0.081,0.025,0.068,prod_005,1,8
Tetric EvoCeram Bulk Fill,Ivoclar Vivadent,"Bis-GMA, UDMA","Barium glass, ytterbium trifluoride, oxides and prepolymers",60 vol% (17% pre-polymers,nano-hybrid,78.4 (6.7),4.5 (0.8),120.8 (12.7),,62.79016146399908,nano-hybrid,120.8,0.084,0.014,0.08,0.02,0.016,0.966,0.081,0.012,0.073,0.094,0.968,0.007,0.074,0.057,prod_005,1,8
Tetric EvoCeram Bulk Fill,Ivoclar Vivadent,"Bis-GMA, UDMA","Barium glass, ytterbium trifluoride, oxides and prepolymers",60 vol% (17% pre-polymers,nano-hybrid,78.4 (6.7),4.5 (0.8),120.8 (12.7),,60.9911833241772,nano-hybrid,120.8,0.046,0.03,0.075,0.05,0.023,1.04,0.038,0.052,0.036,0.088,0.989,0.082,0.044,0.038,prod_005,1,8
Tetric EvoCeram Bulk Fill,Ivoclar Vivadent,"Bis-GMA, UDMA","Barium glass, ytterbium trifluoride, oxides and prepolymers",60 vol% (17% pre-polymers,nano-hybrid,78.4 (6.7),4.5 (0.8),120.8 (12.7),,60.26131716668394,nano-hybrid,120.8,0.079,0.062,0.053,0.089,0.079,0.965,0.031,0.091,0.062,0.012,1.044,0.063,0.033,0.014,prod_005,1,8
Tetric EvoCeram Bulk Fill,Ivoclar Vivadent,"Bis-GMA, UDMA","Barium glass, ytterbium trifluoride, oxides and prepolymers",60 vol% (17% pre-polymers,nano-hybrid,78.4 (6.7),4.5 (0.8),120.8 (12.7),,58.490934838886794,nano-hybrid,120.8,0.011,0.085,0.013,0.04,0.08,0.965,0.023,0.074,0.003,0.057,1.026,0.088,0.034,0.082,prod_005,1,8
Tetric EvoCeram Bulk Fill,Ivoclar Vivadent,"Bis-GMA, UDMA","Barium glass, ytterbium trifluoride, oxides and prepolymers",60 vol% (17% pre-polymers,nano-hybrid,78.4 (6.7),4.5 (0.8),120.8 (12.7),,61.3335154103584,nano-hybrid,120.8,0.091,0.058,0.04,0.046,0.095,0.965,0.059,0.072,0.064,0.069,1.004,0.025,0.035,0.018,prod_005,1,8
Tetric EvoCeram Bulk Fill,Ivoclar Vivadent,"Bis-GMA, UDMA","Barium glass, ytterbium trifluoride, oxides and prepolymers",60 vol% (17% pre-polymers,nano-hybrid,78.4 (6.7),4.5 (0.8),120.8 (12.7),,60.035332073306805,nano-hybrid,120.8,0.071,0.015,0.058,0.061,0.042,1.024,0.093,0.061,0.002,0.087,1.043,0.057,0.07,0.092,prod_005,1,8
Tetric EvoCeram Bulk Fill,Ivoclar Vivadent,"Bis-GMA, UDMA","Barium glass, ytterbium trifluoride, oxides and prepolymers",60 vol% (17% pre-polymers,nano-hybrid,78.4 (6.7),4.5 (0.8),120.8 (12.7),,62.553411077440664,nano-hybrid,120.8,0.052,0.059,0.04,0.005,0.034,1.03,0.0,0.045,0.011,0.098,1.034,0.012,0.092,0.087,prod_005,1,8
Tetric EvoCeram Bulk Fill,Ivoclar Vivadent,"Bis-GMA, UDMA","Barium glass, ytterbium trifluoride, oxides and prepolymers",60 vol% (17% pre-polymers,nano-hybrid,78.4 (6.7),4.5 (0.8),120.8 (12.7),,59.00099503014686,nano-hybrid,120.8,0.022,0.045,0.014,0.018,0.05,0.992,0.091,0.04,0.054,0.092,0.985,0.035,0.074,0.045,prod_005,1,8
EverX Posterior,GC,"Bis-GMA, TEGDMA, PMMA",Hybrid filler fractions and E-glass fibers,57 vol%,,,,103.4 (8.0),,57.0,nan,103.4,False,False,False,False,True,False,False,0.0,0.0,0.0,1.0,0.0,0.0,1.0,prod_006,0,9
EverX Posterior,GC,"Bis-GMA, TEGDMA, PMMA",Hybrid filler fractions and E-glass fibers,57 vol%,,,,103.4 (8.0),,56.2156452249648,nan,103.4,0.041,0.009,0.1,0.05,1.01,0.007,0.075,0.058,0.063,0.001,1.016,0.018,0.096,0.965,prod_006,1,9
EverX Posterior,GC,"Bis-GMA, TEGDMA, PMMA",Hybrid filler fractions and E-glass fibers,57 vol%,,,,103.4 (8.0),,55.34646188064484,nan,103.4,0.078,0.045,0.052,0.044,0.99,0.056,0.016,0.09,0.021,0.019,0.954,0.047,0.056,0.957,prod_006,1,9
EverX Posterior,GC,"Bis-GMA, TEGDMA, PMMA",Hybrid filler fractions and E-glass fibers,57 vol%,,,,103.4 (8.0),,55.18699034382304,nan,103.4,0.016,0.072,0.066,0.003,0.972,0.023,0.067,0.086,0.095,0.037,0.977,0.064,0.041,0.953,prod_006,1,9
EverX Posterior,GC,"Bis-GMA, TEGDMA, PMMA",Hybrid filler fractions and E-glass fibers,57 vol%,,,,103.4 (8.0),,54.26235006519987,nan,103.4,0.072,0.086,0.083,0.04,1.017,0.02,0.029,0.01,0.08,0.018,1.015,0.024,0.01,0.974,prod_006,1,9
EverX Posterior,GC,"Bis-GMA, TEGDMA, PMMA",Hybrid filler fractions and E-glass fibers,57 vol%,,,,103.4 (8.0),,59.25911416557039,nan,103.4,0.089,0.082,0.034,0.026,0.988,0.059,0.027,0.001,0.009,0.021,0.953,0.018,0.058,0.992,prod_006,1,9
EverX Posterior,GC,"Bis-GMA, TEGDMA, PMMA",Hybrid filler fractions and E-glass fibers,57 vol%,,,,103.4 (8.0),,57.70764877474006,nan,103.4,0.087,0.049,0.089,0.08,0.993,0.002,0.027,0.041,0.055,0.044,0.979,0.095,0.076,0.964,prod_006,1,9
EverX Posterior,GC,"Bis-GMA, TEGDMA, PMMA",Hybrid filler fractions and E-glass fibers,57 vol%,,,,103.4 (8.0),,57.237315023566936,nan,103.4,0.027,0.002,0.091,0.012,1.008,0.027,0.055,0.063,0.026,0.014,1.033,0.098,0.053,0.967,prod_006,1,9
EverX Posterior,GC,"Bis-GMA, TEGDMA, PMMA",Hybrid filler fractions and E-glass fibers,57 vol%,,,,103.4 (8.0),,57.86309621360562,nan,103.4,0.06,0.067,0.018,0.091,0.992,0.038,0.052,0.083,0.021,0.001,0.964,0.09,0.087,1.01,prod_006,1,9
EverX Posterior,GC,"Bis-GMA, TEGDMA, PMMA",Hybrid filler fractions and E-glass fibers,57 vol%,,,,103.4 (8.0),,54.41770601061781,nan,103.4,0.036,0.072,0.03,0.057,0.998,0.066,0.094,0.017,0.074,0.008,1.01,0.025,0.039,0.979,prod_006,1,9
Venus® bulk fill,Heraeus Kulzer,UDMA and EBPDMA,"Ba–Al–F–Si–glass, SiO2","65 wt%, 38 vol%",nano-hybrid,38.1 (11.8),3.6 (0.4),122.7 (6.9),65.0,38.0,nano-hybrid,122.7,False,False,False,False,False,True,False,0.0,0.0,0.0,1.0,0.0,0.0,0.0,prod_007,0,10
Venus® bulk fill,Heraeus Kulzer,UDMA and EBPDMA,"Ba–Al–F–Si–glass, SiO2","65 wt%, 38 vol%",nano-hybrid,38.1 (11.8),3.6 (0.4),122.7 (6.9),66.51171863186663,36.916773438644874,nano-hybrid,122.7,0.077,0.011,0.008,0.073,0.05,1.019,0.043,0.003,0.026,0.06,0.955,0.05,0.06,0.033,prod_007,1,10
Venus® bulk fill,Heraeus Kulzer,UDMA and EBPDMA,"Ba–Al–F–Si–glass, SiO2","65 wt%, 38 vol%",nano-hybrid,38.1 (11.8),3.6 (0.4),122.7 (6.9),63.35161321605419,39.212588807161964,nano-hybrid,122.7,0.014,0.095,0.045,0.019,0.054,1.037,0.073,0.08,0.069,0.027,1.009,0.036,0.009,0.092,prod_007,1,10
Venus® bulk fill,Heraeus Kulzer,UDMA and EBPDMA,"Ba–Al–F–Si–glass, SiO2","65 wt%, 38 vol%",nano-hybrid,38.1 (11.8),3.6 (0.4),122.7 (6.9),66.99264746109942,38.60337679350073,nano-hybrid,122.7,0.004,0.071,0.093,0.018,0.057,1.042,0.003,0.069,0.085,0.025,0.999,0.022,0.099,0.094,prod_007,1,10
Venus® bulk fill,Heraeus Kulzer,UDMA and EBPDMA,"Ba–Al–F–Si–glass, SiO2","65 wt%, 38 vol%",nano-hybrid,38.1 (11.8),3.6 (0.4),122.7 (6.9),66.28323173710446,37.22992622801569,nano-hybrid,122.7,0.083,0.004,0.06,0.023,0.012,0.958,0.07,0.092,0.097,0.094,0.997,0.086,0.084,0.032,prod_007,1,10
Venus® bulk fill,Heraeus Kulzer,UDMA and EBPDMA,"Ba–Al–F–Si–glass, SiO2","65 wt%, 38 vol%",nano-hybrid,38.1 (11.8),3.6 (0.4),122.7 (6.9),63.95918726449243,38.85411373180929,nano-hybrid,122.7,0.062,0.023,0.002,0.087,0.002,1.037,0.053,0.007,0.032,0.054,1.029,0.032,0.063,0.089,prod_007,1,10
Venus® bulk fill,Heraeus Kulzer,UDMA and EBPDMA,"Ba–Al–F–Si–glass, SiO2","65 wt%, 38 vol%",nano-hybrid,38.1 (11.8),3.6 (0.4),122.7 (6.9),67.85394004033382,39.13537629593993,nano-hybrid,122.7,0.098,0.077,0.042,0.042,0.074,0.974,0.011,0.1,0.035,0.077,0.99,0.048,0.063,0.087,prod_007,1,10
Venus® bulk fill,Heraeus Kulzer,UDMA and EBPDMA,"Ba–Al–F–Si–glass, SiO2","65 wt%, 38 vol%",nano-hybrid,38.1 (11.8),3.6 (0.4),122.7 (6.9),64.05504402466505,37.19150816828551,nano-hybrid,122.7,0.068,0.022,0.095,0.079,0.009,0.992,0.088,0.03,0.023,0.004,0.952,0.099,0.043,0.038,prod_007,1,10
Venus® bulk fill,Heraeus Kulzer,UDMA and EBPDMA,"Ba–Al–F–Si–glass, SiO2","65 wt%, 38 vol%",nano-hybrid,38.1 (11.8),3.6 (0.4),122.7 (6.9),67.89075814489416,37.8761257427495,nano-hybrid,122.7,0.051,0.023,0.018,0.022,0.019,1.028,0.035,0.061,0.017,0.099,0.973,0.094,0.065,0.061,prod_007,1,10
Venus® bulk fill,Heraeus Kulzer,UDMA and EBPDMA,"Ba–Al–F–Si–glass, SiO2","65 wt%, 38 vol%",nano-hybrid,38.1 (11.8),3.6 (0.4),122.7 (6.9),62.125977397662076,39.78258999453509,nano-hybrid,122.7,0.015,0.082,0.022,0.022,0.054,1.009,0.058,0.088,0.093,0.099,0.967,0.04,0.076,0.07,prod_007,1,10
Sonic Fill,Kerr,"BisGMA, EBPADMA, TEGDMA, 3-trimethoxysilylpropyl methacrylate, initiators, stabilizers","glass fillers, SiO2, ZnO, TiO2,",83 wt%,nano-hybrid,82.0 (4.7),6.9 (0.6),142.8 (12.9,83.0,,nano-hybrid,142.8,False,False,False,False,False,True,False,0.0,0.0,0.0,1.0,0.0,0.0,0.0,prod_008,0,11
Sonic Fill,Kerr,"BisGMA, EBPADMA, TEGDMA, 3-trimethoxysilylpropyl methacrylate, initiators, stabilizers","glass fillers, SiO2, ZnO, TiO2,",83 wt%,nano-hybrid,82.0 (4.7),6.9 (0.6),142.8 (12.9,79.60934075040136,,nano-hybrid,142.8,0.066,0.055,0.009,0.041,0.037,0.976,0.072,0.088,0.027,0.013,1.039,0.096,0.086,0.081,prod_008,1,11
Sonic Fill,Kerr,"BisGMA, EBPADMA, TEGDMA, 3-trimethoxysilylpropyl methacrylate, initiators, stabilizers","glass fillers, SiO2, ZnO, TiO2,",83 wt%,nano-hybrid,82.0 (4.7),6.9 (0.6),142.8 (12.9,82.9657686011538,,nano-hybrid,142.8,0.059,0.082,0.035,0.068,0.057,0.977,0.088,0.008,0.022,0.068,0.958,0.085,0.05,0.048,prod_008,1,11
Sonic Fill,Kerr,"BisGMA, EBPADMA, TEGDMA, 3-trimethoxysilylpropyl methacrylate, initiators, stabilizers","glass fillers, SiO2, ZnO, TiO2,",83 wt%,nano-hybrid,82.0 (4.7),6.9 (0.6),142.8 (12.9,85.4686359793375,,nano-hybrid,142.8,0.062,0.075,0.016,0.088,0.087,0.953,0.083,0.066,0.085,0.087,1.021,0.084,0.07,0.068,prod_008,1,11
Sonic Fill,Kerr,"BisGMA, EBPADMA, TEGDMA, 3-trimethoxysilylpropyl methacrylate, initiators, stabilizers","glass fillers, SiO2, ZnO, TiO2,",83 wt%,nano-hybrid,82.0 (4.7),6.9 (0.6),142.8 (12.9,79.9196199000296,,nano-hybrid,142.8,0.029,0.062,0.098,0.063,0.026,1.013,0.054,0.034,0.074,0.016,1.032,0.083,0.051,0.001,prod_008,1,11
Sonic Fill,Kerr,"BisGMA, EBPADMA, TEGDMA, 3-trimethoxysilylpropyl methacrylate, initiators, stabilizers","glass fillers, SiO2, ZnO, TiO2,",83 wt%,nano-hybrid,82.0 (4.7),6.9 (0.6),142.8 (12.9,85.32271677975449,,nano-hybrid,142.8,0.01,0.094,0.069,0.007,0.03,1.021,0.007,0.011,0.076,0.054,1.046,0.034,0.063,0.093,prod_008,1,11
Sonic Fill,Kerr,"BisGMA, EBPADMA, TEGDMA, 3-trimethoxysilylpropyl methacrylate, initiators, stabilizers","glass fillers, SiO2, ZnO, TiO2,",83 wt%,nano-hybrid,82.0 (4.7),6.9 (0.6),142.8 (12.9,83.68201481946308,,nano-hybrid,142.8,0.013,0.076,0.002,0.002,0.032,0.999,0.077,0.035,0.062,0.005,1.037,0.097,0.097,0.075,prod_008,1,11
Sonic Fill,Kerr,"BisGMA, EBPADMA, TEGDMA, 3-trimethoxysilylpropyl methacrylate, initiators, stabilizers","glass fillers, SiO2, ZnO, TiO2,",83 wt%,nano-hybrid,82.0 (4.7),6.9 (0.6),142.8 (12.9,84.52135162583399,,nano-hybrid,142.8,0.069,0.022,0.008,0.068,0.065,0.977,0.095,0.045,0.027,0.1,0.993,0.045,0.016,0.079,prod_008,1,11
Sonic Fill,Kerr,"BisGMA, EBPADMA, TEGDMA, 3-trimethoxysilylpropyl methacrylate, initiators, stabilizers","glass fillers, SiO2, ZnO, TiO2,",83 wt%,nano-hybrid,82.0 (4.7),6.9 (0.6),142.8 (12.9,80.10378050178147,,nano-hybrid,142.8,0.041,0.089,0.023,0.021,0.003,1.015,0.037,0.043,0.094,0.042,1.014,0.04,0.027,0.098,prod_008,1,11
Sonic Fill,Kerr,"BisGMA, EBPADMA, TEGDMA, 3-trimethoxysilylpropyl methacrylate, initiators, stabilizers","glass fillers, SiO2, ZnO, TiO2,",83 wt%,nano-hybrid,82.0 (4.7),6.9 (0.6),142.8 (12.9,86.024173473669,,nano-hybrid,142.8,0.076,0.063,0.013,0.003,0.092,1.012,0.08,0.047,0.097,0.019,1.037,0.078,0.077,0.084,prod_008,1,11
Xenius,"Stick Tech,","PMMA, BisGMA, TEGDMA","Ba-B-silicate fillers particles, glass fibers",74 wt%,,,,107.3 (14.2),74.0,,nan,107.3,False,False,False,False,True,False,False,0.0,0.0,0.0,1.0,0.0,1.0,1.0,prod_009,0,12
Xenius,"Stick Tech,","PMMA, BisGMA, TEGDMA","Ba-B-silicate fillers particles, glass fibers",74 wt%,,,,107.3 (14.2),73.86326540119288,,nan,107.3,0.058,0.027,0.08,0.031,0.996,0.001,0.007,0.012,0.013,0.069,0.993,0.02,0.999,0.956,prod_009,1,12
Xenius,"Stick Tech,","PMMA, BisGMA, TEGDMA","Ba-B-silicate fillers particles, glass fibers",74 wt%,,,,107.3 (14.2),73.20445231740948,,nan,107.3,0.048,0.01,0.024,0.099,0.964,0.05,0.062,0.048,0.06,0.029,1.019,0.086,1.028,0.954,prod_009,1,12
Xenius,"Stick Tech,","PMMA, BisGMA, TEGDMA","Ba-B-silicate fillers particles, glass fibers",74 wt%,,,,107.3 (14.2),75.49824078202637,,nan,107.3,0.008,0.04,0.013,0.057,1.019,0.08,0.02,0.056,0.001,0.033,1.002,0.009,0.985,0.953,prod_009,1,12
Xenius,"Stick Tech,","PMMA, BisGMA, TEGDMA","Ba-B-silicate fillers particles, glass fibers",74 wt%,,,,107.3 (14.2),71.53937110871712,,nan,107.3,0.071,0.087,0.071,0.08,0.984,0.081,0.008,0.01,0.064,0.071,0.953,0.094,0.955,1.004,prod_009,1,12
Xenius,"Stick Tech,","PMMA, BisGMA, TEGDMA","Ba-B-silicate fillers particles, glass fibers",74 wt%,,,,107.3 (14.2),76.92164325484791,,nan,107.3,0.006,0.025,0.016,0.087,0.972,0.098,0.034,0.055,0.082,0.045,1.014,0.053,1.023,0.958,prod_009,1,12
Xenius,"Stick Tech,","PMMA, BisGMA, TEGDMA","Ba-B-silicate fillers particles, glass fibers",74 wt%,,,,107.3 (14.2),71.64767257609637,,nan,107.3,0.097,0.065,0.02,0.068,0.957,0.003,0.026,0.079,0.066,0.05,1.006,0.072,0.973,1.05,prod_009,1,12
Xenius,"Stick Tech,","PMMA, BisGMA, TEGDMA","Ba-B-silicate fillers particles, glass fibers",74 wt%,,,,107.3 (14.2),73.72340987987094,,nan,107.3,0.004,0.087,0.058,0.044,1.023,0.049,0.087,0.087,0.073,0.074,0.993,0.035,0.987,1.049,prod_009,1,12
Xenius,"Stick Tech,","PMMA, BisGMA, TEGDMA","Ba-B-silicate fillers particles, glass fibers",74 wt%,,,,107.3 (14.2),76.96519379368331,,nan,107.3,0.073,0.013,0.072,0.091,0.968,0.024,0.097,0.042,0.028,0.059,1.041,0.021,1.012,1.013,prod_009,1,12
Xenius,"Stick Tech,","PMMA, BisGMA, TEGDMA","Ba-B-silicate fillers particles, glass fibers",74 wt%,,,,107.3 (14.2),71.63922945005022,,nan,107.3,0.059,0.016,0.039,0.097,0.976,0.066,0.033,0.085,0.049,0.025,1.037,0.045,1.001,0.986,prod_009,1,12
x-tra fil,VOCO,"Bis-GMA, UDMA, TEGDMA",,"86 wt%, 70.1 vol%",Micro-hybrid,133.5 (32.0),9.5 (0.6),137.0 (14.4),86.0,70.1,micro-hybrid,137.0,False,False,True,False,False,False,False,0.0,0.0,0.0,0.0,0.0,0.0,0.0,prod_010,0,13
x-tra fil,VOCO,"Bis-GMA, UDMA, TEGDMA",,"86 wt%, 70.1 vol%",Micro-hybrid,133.5 (32.0),9.5 (0.6),137.0 (14.4),88.35186888090476,67.51242436163562,micro-hybrid,137.0,0.083,0.043,0.975,0.062,0.071,0.017,0.017,0.097,0.045,0.024,0.007,0.017,0.052,0.034,prod_010,1,13
x-tra fil,VOCO,"Bis-GMA, UDMA, TEGDMA",,"86 wt%, 70.1 vol%",Micro-hybrid,133.5 (32.0),9.5 (0.6),137.0 (14.4),82.01537427162847,71.75717812561012,micro-hybrid,137.0,0.011,0.027,0.956,0.053,0.094,0.004,0.012,0.066,0.047,0.084,0.081,0.059,0.087,0.021,prod_010,1,13
x-tra fil,VOCO,"Bis-GMA, UDMA, TEGDMA",,"86 wt%, 70.1 vol%",Micro-hybrid,133.5 (32.0),9.5 (0.6),137.0 (14.4),85.58891164323754,73.1414638728706,micro-hybrid,137.0,0.095,0.064,1.037,0.045,0.052,0.049,0.067,0.032,0.051,0.004,0.015,0.099,0.097,0.0,prod_010,1,13
x-tra fil,VOCO,"Bis-GMA, UDMA, TEGDMA",,"86 wt%, 70.1 vol%",Micro-hybrid,133.5 (32.0),9.5 (0.6),137.0 (14.4),82.90100079090429,66.80511486500747,micro-hybrid,137.0,0.044,0.087,0.968,0.069,0.084,0.094,0.068,0.031,0.07,0.02,0.067,0.097,0.009,0.067,prod_010,1,13
x-tra fil,VOCO,"Bis-GMA, UDMA, TEGDMA",,"86 wt%, 70.1 vol%",Micro-hybrid,133.5 (32.0),9.5 (0.6),137.0 (14.4),85.97570297047247,70.9261091538105,micro-hybrid,137.0,0.066,0.039,1.015,0.011,0.066,0.1,0.005,0.087,0.057,0.003,0.093,0.069,0.068,0.022,prod_010,1,13
x-tra fil,VOCO,"Bis-GMA, UDMA, TEGDMA",,"86 wt%, 70.1 vol%",Micro-hybrid,133.5 (32.0),9.5 (0.6),137.0 (14.4),90.10369798430334,69.44742480466732,micro-hybrid,137.0,0.067,0.081,1.026,0.08,0.044,0.082,0.012,0.087,0.078,0.057,0.074,0.088,0.04,0.033,prod_010,1,13
x-tra fil,VOCO,"Bis-GMA, UDMA, TEGDMA",,"86 wt%, 70.1 vol%",Micro-hybrid,133.5 (32.0),9.5 (0.6),137.0 (14.4),86.3826062424633,66.63536821009183,micro-hybrid,137.0,0.037,0.023,0.957,0.06,0.067,0.062,0.046,0.032,0.037,0.04,0.07,0.039,0.045,0.024,prod_010,1,13
x-tra fil,VOCO,"Bis-GMA, UDMA, TEGDMA",,"86 wt%, 70.1 vol%",Micro-hybrid,133.5 (32.0),9.5 (0.6),137.0 (14.4),84.96615770954138,72.6469688834985,micro-hybrid,137.0,0.053,0.061,1.026,0.081,0.072,0.096,0.002,0.052,0.048,0.003,0.034,0.038,0.04,0.058,prod_010,1,13
x-tra fil,VOCO,"Bis-GMA, UDMA, TEGDMA",,"86 wt%, 70.1 vol%",Micro-hybrid,133.5 (32.0),9.5 (0.6),137.0 (14.4),83.38369067687849,66.64801575359677,micro-hybrid,137.0,0.01,0.049,0.976,0.028,0.031,0.08,0.054,0.065,0.09,0.024,0.093,0.006,0.093,0.035,prod_010,1,13
Heliomolar Radiopaque,Vivadent,,"Si, Al, Yb, F","59.31 wt%, 41.24 vol%",,36 (2),,78 (3),59.31,41.24,nan,78.0,False,False,False,False,True,False,False,0.0,0.0,0.0,0.0,0.0,0.0,0.0,prod_011,0,14
Heliomolar Radiopaque,Vivadent,,"Si, Al, Yb, F","59.31 wt%, 41.24 vol%",,36 (2),,78 (3),58.19086596369426,41.69501652237423,nan,78.0,0.053,0.071,0.011,0.057,0.976,0.096,0.048,0.072,0.027,0.041,0.012,0.018,0.068,0.018,prod_011,1,14
Heliomolar Radiopaque,Vivadent,,"Si, Al, Yb, F","59.31 wt%, 41.24 vol%",,36 (2),,78 (3),61.12484181271647,41.447134259852426,nan,78.0,0.021,0.061,0.041,0.084,1.04,0.035,0.024,0.004,0.063,0.095,0.06,0.082,0.088,0.023,prod_011,1,14
Heliomolar Radiopaque,Vivadent,,"Si, Al, Yb, F","59.31 wt%, 41.24 vol%",,36 (2),,78 (3),60.97379683091135,40.31130009060051,nan,78.0,0.017,0.074,0.086,0.022,0.96,0.002,0.064,0.082,0.042,0.067,0.01,0.062,0.045,0.059,prod_011,1,14
Heliomolar Radiopaque,Vivadent,,"Si, Al, Yb, F","59.31 wt%, 41.24 vol%",,36 (2),,78 (3),59.945174728042566,41.432580130032825,nan,78.0,0.04,0.043,0.072,0.069,1.049,0.013,0.01,0.023,0.039,0.059,0.05,0.099,0.014,0.07,prod_011,1,14
Heliomolar Radiopaque,Vivadent,,"Si, Al, Yb, F","59.31 wt%, 41.24 vol%",,36 (2),,78 (3),60.64055352439057,41.563267645734435,nan,78.0,0.035,0.007,0.052,0.007,1.03,0.023,0.054,0.027,0.008,0.009,0.089,0.019,0.032,0.023,prod_011,1,14
Heliomolar Radiopaque,Vivadent,,"Si, Al, Yb, F","59.31 wt%, 41.24 vol%",,36 (2),,78 (3),61.56424906832701,41.862218269950624,nan,78.0,0.073,0.047,0.006,0.056,1.046,0.018,0.069,0.053,0.032,0.033,0.067,0.099,0.066,0.056,prod_011,1,14
Heliomolar Radiopaque,Vivadent,,"Si, Al, Yb, F","59.31 wt%, 41.24 vol%",,36 (2),,78 (3),57.53623770743686,41.387753370766994,nan,78.0,0.023,0.04,0.015,0.099,1.043,0.054,0.084,0.01,0.045,0.076,0.035,0.066,0.08,0.093,prod_011,1,14
Heliomolar Radiopaque,Vivadent,,"Si, Al, Yb, F","59.31 wt%, 41.24 vol%",,36 (2),,78 (3),59.43430176320049,41.74966737732339,nan,78.0,0.03,0.026,0.036,0.009,1.044,0.055,0.031,0.009,0.076,0.013,0.083,0.078,0.071,0.004,prod_011,1,14
Heliomolar Radiopaque,Vivadent,,"Si, Al, Yb, F","59.31 wt%, 41.24 vol%",,36 (2),,78 (3),58.698997377767576,41.022263277041944,nan,78.0,0.093,0.012,0.082,0.038,1.038,0.087,0.081,0.06,0.052,0.092,0.05,0.099,0.085,0.021,prod_011,1,14
Palfique Estelite,Tokoyama,,"Si, Al, Zr, Na","68.55 wt%,  51.11 vol%",,57 (3),,74 (2),68.55,51.11,nan,74.0,False,False,False,False,True,False,False,0.0,0.0,0.0,0.0,0.0,0.0,0.0,prod_012,0,15
Palfique Estelite,Tokoyama,,"Si, Al, Zr, Na","68.55 wt%,  51.11 vol%",,57 (3),,74 (2),70.5381586408849,50.111715079930086,nan,74.0,0.082,0.013,0.086,0.092,0.999,0.061,0.076,0.008,0.04,0.017,0.069,0.035,0.098,0.064,prod_012,1,15
Palfique Estelite,Tokoyama,,"Si, Al, Zr, Na","68.55 wt%,  51.11 vol%",,57 (3),,74 (2),66.32101878987012,51.12311521680465,nan,74.0,0.055,0.097,0.043,0.031,1.001,0.044,0.011,0.04,0.015,0.037,0.007,0.003,0.014,0.096,prod_012,1,15
Palfique Estelite,Tokoyama,,"Si, Al, Zr, Na","68.55 wt%,  51.11 vol%",,57 (3),,74 (2),69.51536438720136,49.65867115080656,nan,74.0,0.099,0.006,0.07,0.098,0.974,0.014,0.012,0.062,0.065,0.015,0.006,0.078,0.046,0.006,prod_012,1,15
Palfique Estelite,Tokoyama,,"Si, Al, Zr, Na","68.55 wt%,  51.11 vol%",,57 (3),,74 (2),67.20145113657586,49.070945140075416,nan,74.0,0.062,0.053,0.043,0.013,1.039,0.045,0.019,0.069,0.006,0.051,0.1,0.081,0.062,0.031,prod_012,1,15
Palfique Estelite,Tokoyama,,"Si, Al, Zr, Na","68.55 wt%,  51.11 vol%",,57 (3),,74 (2),67.64349035026382,50.671117165175346,nan,74.0,0.026,0.076,0.014,0.054,0.972,0.001,0.024,0.083,0.073,0.077,0.001,0.042,0.048,0.002,prod_012,1,15
Palfique Estelite,Tokoyama,,"Si, Al, Zr, Na","68.55 wt%,  51.11 vol%",,57 (3),,74 (2),71.81211458990842,52.651156178833965,nan,74.0,0.049,0.015,0.032,0.074,0.998,0.038,0.039,0.096,0.049,0.011,0.055,0.045,0.084,0.01,prod_012,1,15
Palfique Estelite,Tokoyama,,"Si, Al, Zr, Na","68.55 wt%,  51.11 vol%",,57 (3),,74 (2),68.27200759742303,52.5667195555512,nan,74.0,0.084,0.004,0.09,0.046,1.014,0.066,0.09,0.089,0.096,0.079,0.032,0.069,0.044,0.025,prod_012,1,15
Palfique Estelite,Tokoyama,,"Si, Al, Zr, Na","68.55 wt%,  51.11 vol%",,57 (3),,74 (2),69.4868706712562,51.69231455170868,nan,74.0,0.008,0.072,0.007,0.007,0.951,0.096,0.074,0.007,0.052,0.015,0.074,0.051,0.068,0.004,prod_012,1,15
Palfique Estelite,Tokoyama,,"Si, Al, Zr, Na","68.55 wt%,  51.11 vol%",,57 (3),,74 (2),67.54403840528164,50.070093355961205,nan,74.0,0.076,0.027,0.002,0.008,1.047,0.03,0.077,0.035,0.077,0.066,0.019,0.017,0.01,0.066,prod_012,1,15
Herculite XR,Kerr,,"Si, Al, Ba","76.23 wt%,  60.65 vol%",,77 (4),,125 (3),76.23,60.65,nan,125.0,False,False,False,False,True,False,False,0.0,0.0,0.0,0.0,0.0,0.0,0.0,prod_013,0,16
Herculite XR,Kerr,,"Si, Al, Ba","76.23 wt%,  60.65 vol%",,77 (4),,125 (3),77.18031038537606,59.93396391449481,nan,125.0,0.097,0.08,0.029,0.098,1.01,0.058,0.075,0.021,0.012,0.062,0.077,0.064,0.053,0.004,prod_013,1,16
Herculite XR,Kerr,,"Si, Al, Ba","76.23 wt%,  60.65 vol%",,77 (4),,125 (3),78.60662109461111,61.59904275346556,nan,125.0,0.061,0.094,0.024,0.012,0.97,0.089,0.065,0.013,0.034,0.093,0.022,0.037,0.043,0.044,prod_013,1,16
Herculite XR,Kerr,,"Si, Al, Ba","76.23 wt%,  60.65 vol%",,77 (4),,125 (3),74.59796745437012,62.56621818484467,nan,125.0,0.073,0.078,0.066,0.018,1.005,0.098,0.094,0.086,0.085,0.092,0.025,0.076,0.046,0.084,prod_013,1,16
Herculite XR,Kerr,,"Si, Al, Ba","76.23 wt%,  60.65 vol%",,77 (4),,125 (3),72.74761338798062,58.617101857399035,nan,125.0,0.054,0.059,0.051,0.03,1.007,0.069,0.087,0.013,0.073,0.082,0.021,0.051,0.084,0.073,prod_013,1,16
Herculite XR,Kerr,,"Si, Al, Ba","76.23 wt%,  60.65 vol%",,77 (4),,125 (3),77.26894899138381,62.233702122166754,nan,125.0,0.04,0.08,0.02,0.056,1.023,0.062,0.019,0.016,0.046,0.001,0.025,0.073,0.099,0.01,prod_013,1,16
Herculite XR,Kerr,,"Si, Al, Ba","76.23 wt%,  60.65 vol%",,77 (4),,125 (3),75.12759656709139,62.371197172903926,nan,125.0,0.037,0.033,0.015,0.031,1.038,0.1,0.037,0.055,0.001,0.076,0.004,0.075,0.02,0.096,prod_013,1,16
Herculite XR,Kerr,,"Si, Al, Ba","76.23 wt%,  60.65 vol%",,77 (4),,125 (3),75.83825883976648,61.996860240199595,nan,125.0,0.036,0.079,0.009,0.059,0.998,0.064,0.006,0.089,0.059,0.039,0.041,0.07,0.0,0.062,prod_013,1,16
Herculite XR,Kerr,,"Si, Al, Ba","76.23 wt%,  60.65 vol%",,77 (4),,125 (3),76.83971641156464,61.02290402597451,nan,125.0,0.008,0.006,0.033,0.078,1.021,0.079,0.052,0.056,0.06,0.068,0.08,0.027,0.083,0.05,prod_013,1,16
Herculite XR,Kerr,,"Si, Al, Ba","76.23 wt%,  60.65 vol%",,77 (4),,125 (3),75.77413696141471,58.51179957447361,nan,125.0,0.093,0.064,0.042,0.064,1.029,0.012,0.041,0.033,0.043,0.009,0.022,0.06,0.074,0.1,prod_013,1,16
TPH,Caulk Dentsply,,"Si, Al, Ba","74.72 wt%,  58.73 vol%",,60 (2),,116 (4),74.72,58.73,nan,116.0,False,False,False,False,True,False,False,0.0,0.0,0.0,0.0,0.0,0.0,0.0,prod_014,0,17
TPH,Caulk Dentsply,,"Si, Al, Ba","74.72 wt%,  58.73 vol%",,60 (2),,116 (4),77.25900267826934,58.04775092670276,nan,116.0,0.083,0.027,0.052,0.03,1.044,0.026,0.043,0.057,0.059,0.018,0.036,0.033,0.003,0.002,prod_014,1,17
TPH,Caulk Dentsply,,"Si, Al, Ba","74.72 wt%,  58.73 vol%",,60 (2),,116 (4),77.50504043162096,60.738175837768296,nan,116.0,0.05,0.044,0.073,0.077,0.966,0.061,0.014,0.019,0.08,0.046,0.048,0.013,0.008,0.073,prod_014,1,17
TPH,Caulk Dentsply,,"Si, Al, Ba","74.72 wt%,  58.73 vol%",,60 (2),,116 (4),76.59827464280903,59.65179763275691,nan,116.0,0.025,0.027,0.076,0.045,1.028,0.007,0.049,0.096,0.007,0.006,0.028,0.026,0.025,0.091,prod_014,1,17
TPH,Caulk Dentsply,,"Si, Al, Ba","74.72 wt%,  58.73 vol%",,60 (2),,116 (4),71.23516082056949,56.16146226389329,nan,116.0,0.066,0.096,0.056,0.094,0.955,0.042,0.026,0.091,0.014,0.053,0.041,0.035,0.09,0.002,prod_014,1,17
TPH,Caulk Dentsply,,"Si, Al, Ba","74.72 wt%,  58.73 vol%",,60 (2),,116 (4),76.44469425033601,61.556657812490336,nan,116.0,0.035,0.011,0.015,0.023,0.975,0.085,0.056,0.026,0.065,0.02,0.057,0.046,0.097,0.061,prod_014,1,17
TPH,Caulk Dentsply,,"Si, Al, Ba","74.72 wt%,  58.73 vol%",,60 (2),,116 (4),74.89477688978926,56.46753758448791,nan,116.0,0.048,0.017,0.095,0.085,1.017,0.046,0.041,0.086,0.072,0.007,0.071,0.054,0.008,0.046,prod_014,1,17
TPH,Caulk Dentsply,,"Si, Al, Ba","74.72 wt%,  58.73 vol%",,60 (2),,116 (4),75.84807374655193,58.99682136902675,nan,116.0,0.026,0.016,0.033,0.076,1.002,0.02,0.088,0.006,0.051,0.081,0.046,0.005,0.079,0.02,prod_014,1,17
TPH,Caulk Dentsply,,"Si, Al, Ba","74.72 wt%,  58.73 vol%",,60 (2),,116 (4),77.55623562019782,60.90640709029519,nan,116.0,0.091,0.054,0.05,0.011,1.016,0.082,0.038,0.024,0.045,0.098,0.077,0.003,0.007,0.046,prod_014,1,17
TPH,Caulk Dentsply,,"Si, Al, Ba","74.72 wt%,  58.73 vol%",,60 (2),,116 (4),76.77937175011405,61.457871388359465,nan,116.0,0.04,0.092,0.053,0.016,1.02,0.079,0.032,0.02,0.052,0.029,0.079,0.058,0.063,0.08,prod_014,1,17
Admira Fusion,VOCO,,,"84% wt%, NA",nano-hybrid,62.0 (1.0),8.0 (0.4),86 (18),,,nano-hybrid,86.0,False,False,False,False,False,True,False,0.0,0.0,0.0,0.0,0.0,0.0,0.0,prod_015,0,18
Admira Fusion,VOCO,,,"84% wt%, NA",nano-hybrid,62.0 (1.0),8.0 (0.4),86 (18),,,nano-hybrid,86.0,0.089,0.065,0.015,0.044,0.062,0.958,0.088,0.086,0.091,0.028,0.098,0.014,0.02,0.018,prod_015,1,18
Admira Fusion,VOCO,,,"84% wt%, NA",nano-hybrid,62.0 (1.0),8.0 (0.4),86 (18),,,nano-hybrid,86.0,0.017,0.088,0.043,0.016,0.001,1.006,0.053,0.08,0.051,0.097,0.042,0.098,0.067,0.063,prod_015,1,18
Admira Fusion,VOCO,,,"84% wt%, NA",nano-hybrid,62.0 (1.0),8.0 (0.4),86 (18),,,nano-hybrid,86.0,0.054,0.071,0.031,0.047,0.082,0.996,0.036,0.072,0.089,0.008,0.073,0.019,0.086,0.082,prod_015,1,18
Admira Fusion,VOCO,,,"84% wt%, NA",nano-hybrid,62.0 (1.0),8.0 (0.4),86 (18),,,nano-hybrid,86.0,0.024,0.014,0.035,0.045,0.075,1.015,0.062,0.049,0.083,0.034,0.017,0.071,0.083,0.01,prod_015,1,18
Admira Fusion,VOCO,,,"84% wt%, NA",nano-hybrid,62.0 (1.0),8.0 (0.4),86 (18),,,nano-hybrid,86.0,0.033,0.069,0.007,0.017,0.086,0.973,0.084,0.035,0.084,0.047,0.098,0.063,0.013,0.068,prod_015,1,18
Admira Fusion,VOCO,,,"84% wt%, NA",nano-hybrid,62.0 (1.0),8.0 (0.4),86 (18),,,nano-hybrid,86.0,0.03,0.065,0.094,0.087,0.077,1.029,0.066,0.028,0.064,0.069,0.051,0.031,0.021,0.003,prod_015,1,18
Admira Fusion,VOCO,,,"84% wt%, NA",nano-hybrid,62.0 (1.0),8.0 (0.4),86 (18),,,nano-hybrid,86.0,0.086,0.055,0.038,0.098,0.011,0.992,0.004,0.026,0.091,0.067,0.056,0.011,0.045,0.046,prod_015,1,18
Admira Fusion,VOCO,,,"84% wt%, NA",nano-hybrid,62.0 (1.0),8.0 (0.4),86 (18),,,nano-hybrid,86.0,0.08,0.002,0.096,0.073,0.03,1.033,0.028,0.074,0.092,0.028,0.086,0.029,0.091,0.075,prod_015,1,18
Admira Fusion,VOCO,,,"84% wt%, NA",nano-hybrid,62.0 (1.0),8.0 (0.4),86 (18),,,nano-hybrid,86.0,0.047,0.03,0.06,0.03,0.03,1.024,0.005,0.087,0.011,0.07,0.054,0.01,0.024,0.001,prod_015,1,18
Clearfil Majesty Posterior,Kuraray Dental,,Glass ceramics/alumina micro particles (0.02–7.9m),"92 wt%, 82 vol%",nano-hybrid,108.3 (2.3),16.3 (0.7),158 (19),92.0,82.0,nano-hybrid,158.0,False,False,False,False,False,True,False,0.0,0.0,0.0,1.0,0.0,0.0,0.0,prod_016,0,19
Clearfil Majesty Posterior,Kuraray Dental,,Glass ceramics/alumina micro particles (0.02–7.9m),"92 wt%, 82 vol%",nano-hybrid,108.3 (2.3),16.3 (0.7),158 (19),95.70663395576628,84.88856377000768,nano-hybrid,158.0,0.003,0.058,0.1,0.086,0.052,0.956,0.083,0.067,0.059,0.089,0.969,0.008,0.024,0.079,prod_016,1,19
Clearfil Majesty Posterior,Kuraray Dental,,Glass ceramics/alumina micro particles (0.02–7.9m),"92 wt%, 82 vol%",nano-hybrid,108.3 (2.3),16.3 (0.7),158 (19),92.91060227523033,78.84245057588845,nano-hybrid,158.0,0.043,0.032,0.043,0.077,0.06,1.039,0.044,0.009,0.091,0.067,1.033,0.088,0.057,0.052,prod_016,1,19
Clearfil Majesty Posterior,Kuraray Dental,,Glass ceramics/alumina micro particles (0.02–7.9m),"92 wt%, 82 vol%",nano-hybrid,108.3 (2.3),16.3 (0.7),158 (19),92.98522412421252,83.0767219353543,nano-hybrid,158.0,0.065,0.095,0.06,0.074,0.051,1.013,0.007,0.059,0.07,0.024,1.001,0.01,0.038,0.049,prod_016,1,19
Clearfil Majesty Posterior,Kuraray Dental,,Glass ceramics/alumina micro particles (0.02–7.9m),"92 wt%, 82 vol%",nano-hybrid,108.3 (2.3),16.3 (0.7),158 (19),89.74040254374499,80.86719536428214,nano-hybrid,158.0,0.02,0.061,0.028,0.021,0.052,0.951,0.001,0.047,0.005,0.014,0.978,0.097,0.033,0.048,prod_016,1,19
Clearfil Majesty Posterior,Kuraray Dental,,Glass ceramics/alumina micro particles (0.02–7.9m),"92 wt%, 82 vol%",nano-hybrid,108.3 (2.3),16.3 (0.7),158 (19),89.41543304373708,78.20111517250673,nano-hybrid,158.0,0.04,0.009,0.062,0.011,0.035,1.001,0.087,0.011,0.034,0.08,1.007,0.051,0.029,0.093,prod_016,1,19
Clearfil Majesty Posterior,Kuraray Dental,,Glass ceramics/alumina micro particles (0.02–7.9m),"92 wt%, 82 vol%",nano-hybrid,108.3 (2.3),16.3 (0.7),158 (19),91.9406285391291,83.65852188145965,nano-hybrid,158.0,0.071,0.061,0.031,0.082,0.096,1.032,0.0,0.099,0.013,0.027,0.989,0.042,0.041,0.091,prod_016,1,19
Clearfil Majesty Posterior,Kuraray Dental,,Glass ceramics/alumina micro particles (0.02–7.9m),"92 wt%, 82 vol%",nano-hybrid,108.3 (2.3),16.3 (0.7),158 (19),93.25489260568735,78.31931012782523,nano-hybrid,158.0,0.037,0.012,0.042,0.075,0.007,0.958,0.035,0.026,0.006,0.06,1.019,0.011,0.038,0.046,prod_016,1,19
Clearfil Majesty Posterior,Kuraray Dental,,Glass ceramics/alumina micro particles (0.02–7.9m),"92 wt%, 82 vol%",nano-hybrid,108.3 (2.3),16.3 (0.7),158 (19),96.06387654689411,83.3822957031279,nano-hybrid,158.0,0.087,0.072,0.012,0.09,0.007,1.003,0.014,0.068,0.036,0.059,0.951,0.064,0.091,0.061,prod_016,1,19
Clearfil Majesty Posterior,Kuraray Dental,,Glass ceramics/alumina micro particles (0.02–7.9m),"92 wt%, 82 vol%",nano-hybrid,108.3 (2.3),16.3 (0.7),158 (19),87.50770081872432,81.36068093304664,nano-hybrid,158.0,0.073,0.065,0.085,0.069,0.043,1.017,0.028,0.03,0.049,0.058,0.954,0.012,0.056,0.034,prod_016,1,19
Filtek Supreme XTE,3M-ESPE,,"0.6–10m zirconia/silica clusters, 20nm silica (20nm) and zirconia (4–11nm) dispersed particles","78.5 wt%, 63.3 vol%",nano-hybrid,99.2 (1.3),11.1 (0.6),120 (9),78.5,63.3,nano-hybrid,120.0,False,False,False,False,False,True,False,0.0,1.0,0.0,0.0,1.0,1.0,0.0,prod_017,0,20
Filtek Supreme XTE,3M-ESPE,,"0.6–10m zirconia/silica clusters, 20nm silica (20nm) and zirconia (4–11nm) dispersed particles","78.5 wt%, 63.3 vol%",nano-hybrid,99.2 (1.3),11.1 (0.6),120 (9),76.97956096540898,65.12927606229862,nano-hybrid,120.0,0.058,0.037,0.06,0.071,0.069,0.987,0.017,0.045,1.03,0.082,0.086,1.042,0.993,0.032,prod_017,1,20
Filtek Supreme XTE,3M-ESPE,,"0.6–10m zirconia/silica clusters, 20nm silica (20nm) and zirconia (4–11nm) dispersed particles","78.5 wt%, 63.3 vol%",nano-hybrid,99.2 (1.3),11.1 (0.6),120 (9),77.95465530692833,61.03762093203848,nano-hybrid,120.0,0.007,0.041,0.031,0.068,0.061,0.986,0.022,0.089,0.985,0.015,0.003,1.015,1.014,0.034,prod_017,1,20
Filtek Supreme XTE,3M-ESPE,,"0.6–10m zirconia/silica clusters, 20nm silica (20nm) and zirconia (4–11nm) dispersed particles","78.5 wt%, 63.3 vol%",nano-hybrid,99.2 (1.3),11.1 (0.6),120 (9),82.33108233432141,63.0088302621714,nano-hybrid,120.0,0.004,0.003,0.039,0.016,0.002,1.026,0.046,0.069,0.964,0.049,0.003,1.001,1.046,0.038,prod_017,1,20
Filtek Supreme XTE,3M-ESPE,,"0.6–10m zirconia/silica clusters, 20nm silica (20nm) and zirconia (4–11nm) dispersed particles","78.5 wt%, 63.3 vol%",nano-hybrid,99.2 (1.3),11.1 (0.6),120 (9),76.84557145998534,65.83252654849433,nano-hybrid,120.0,0.029,0.096,0.039,0.039,0.034,1.004,0.015,0.012,1.046,0.031,0.089,1.01,1.033,0.098,prod_017,1,20
Filtek Supreme XTE,3M-ESPE,,"0.6–10m zirconia/silica clusters, 20nm silica (20nm) and zirconia (4–11nm) dispersed particles","78.5 wt%, 63.3 vol%",nano-hybrid,99.2 (1.3),11.1 (0.6),120 (9),78.92163516006039,63.56399146255532,nano-hybrid,120.0,0.034,0.027,0.097,0.056,0.035,1.008,0.014,0.076,1.033,0.044,0.03,0.976,0.969,0.006,prod_017,1,20
Filtek Supreme XTE,3M-ESPE,,"0.6–10m zirconia/silica clusters, 20nm silica (20nm) and zirconia (4–11nm) dispersed particles","78.5 wt%, 63.3 vol%",nano-hybrid,99.2 (1.3),11.1 (0.6),120 (9),78.06074343123728,64.09906325459534,nano-hybrid,120.0,0.02,0.04,0.004,0.048,0.054,0.973,0.096,0.049,0.99,0.099,0.088,1.012,1.007,0.062,prod_017,1,20
Filtek Supreme XTE,3M-ESPE,,"0.6–10m zirconia/silica clusters, 20nm silica (20nm) and zirconia (4–11nm) dispersed particles","78.5 wt%, 63.3 vol%",nano-hybrid,99.2 (1.3),11.1 (0.6),120 (9),81.71421869585735,64.70616668043589,nano-hybrid,120.0,0.088,0.094,0.015,0.046,0.098,0.998,0.086,0.053,1.037,0.013,0.079,0.962,1.029,0.028,prod_017,1,20
Filtek Supreme XTE,3M-ESPE,,"0.6–10m zirconia/silica clusters, 20nm silica (20nm) and zirconia (4–11nm) dispersed particles","78.5 wt%, 63.3 vol%",nano-hybrid,99.2 (1.3),11.1 (0.6),120 (9),79.19654244873087,62.51083831713108,nano-hybrid,120.0,0.087,0.098,0.041,0.083,0.076,1.007,0.096,0.029,0.97,0.076,0.039,1.001,0.999,0.058,prod_017,1,20
Filtek Supreme XTE,3M-ESPE,,"0.6–10m zirconia/silica clusters, 20nm silica (20nm) and zirconia (4–11nm) dispersed particles","78.5 wt%, 63.3 vol%",nano-hybrid,99.2 (1.3),11.1 (0.6),120 (9),76.14872494689796,60.8266424512599,nano-hybrid,120.0,0.051,0.063,0.093,0.002,0.048,1.019,0.072,0.085,0.994,0.085,0.089,0.956,1.038,0.045,prod_017,1,20
Gaenial Anterior,GC,,,,nano-hybrid,37.0 (0.0),5.9 (0.4),93 (6),,,nano-hybrid,93.0,False,False,False,False,False,True,False,0.0,0.0,0.0,0.0,0.0,0.0,0.0,prod_018,0,21
Gaenial Anterior,GC,,,,nano-hybrid,37.0 (0.0),5.9 (0.4),93 (6),,,nano-hybrid,93.0,0.096,0.001,0.1,0.068,0.083,0.979,0.001,0.069,0.013,0.03,0.036,0.08,0.028,0.021,prod_018,1,21
Gaenial Anterior,GC,,,,nano-hybrid,37.0 (0.0),5.9 (0.4),93 (6),,,nano-hybrid,93.0,0.077,0.085,0.061,0.009,0.049,0.958,0.041,0.074,0.083,0.074,0.014,0.075,0.077,0.066,prod_018,1,21
Gaenial Anterior,GC,,,,nano-hybrid,37.0 (0.0),5.9 (0.4),93 (6),,,nano-hybrid,93.0,0.096,0.052,0.03,0.008,0.05,1.029,0.071,0.041,0.007,0.035,0.011,0.081,0.095,0.007,prod_018,1,21
Gaenial Anterior,GC,,,,nano-hybrid,37.0 (0.0),5.9 (0.4),93 (6),,,nano-hybrid,93.0,0.093,0.041,0.091,0.032,0.048,0.973,0.064,0.005,0.007,0.04,0.03,0.023,0.028,0.08,prod_018,1,21
Gaenial Anterior,GC,,,,nano-hybrid,37.0 (0.0),5.9 (0.4),93 (6),,,nano-hybrid,93.0,0.045,0.059,0.062,0.007,0.068,0.974,0.071,0.098,0.06,0.036,0.065,0.012,0.089,0.05,prod_018,1,21
Gaenial Anterior,GC,,,,nano-hybrid,37.0 (0.0),5.9 (0.4),93 (6),,,nano-hybrid,93.0,0.05,0.028,0.013,0.063,0.005,1.025,0.032,0.082,0.08,0.055,0.052,0.014,0.078,0.027,prod_018,1,21
Gaenial Anterior,GC,,,,nano-hybrid,37.0 (0.0),5.9 (0.4),93 (6),,,nano-hybrid,93.0,0.0,0.025,0.074,0.032,0.01,0.986,0.027,0.0,0.051,0.005,0.028,0.071,0.006,0.084,prod_018,1,21
Gaenial Anterior,GC,,,,nano-hybrid,37.0 (0.0),5.9 (0.4),93 (6),,,nano-hybrid,93.0,0.096,0.009,0.069,0.049,0.039,1.013,0.07,0.084,0.031,0.079,0.089,0.043,0.091,0.038,prod_018,1,21
Gaenial Anterior,GC,,,,nano-hybrid,37.0 (0.0),5.9 (0.4),93 (6),,,nano-hybrid,93.0,0.07,0.03,0.011,0.078,0.064,0.955,0.036,0.0,0.017,0.071,0.067,0.097,0.076,0.095,prod_018,1,21
Grandio,VOCO,,,"87.0 wt%, 71.4 wt%",nano-hybrid,105.3 (1.5),16.3 (0.9),128 (18,87.0,,nano-hybrid,128.0,False,False,False,False,False,True,False,0.0,0.0,0.0,0.0,0.0,0.0,0.0,prod_019,0,22
Grandio,VOCO,,,"87.0 wt%, 71.4 wt%",nano-hybrid,105.3 (1.5),16.3 (0.9),128 (18,90.97415839471329,,nano-hybrid,128.0,0.077,0.042,0.082,0.085,0.021,1.016,0.047,0.05,0.043,0.046,0.021,0.037,0.037,0.005,prod_019,1,22
Grandio,VOCO,,,"87.0 wt%, 71.4 wt%",nano-hybrid,105.3 (1.5),16.3 (0.9),128 (18,90.30736361991691,,nano-hybrid,128.0,0.032,0.064,0.04,0.071,0.02,1.039,0.029,0.022,0.068,0.061,0.03,0.014,0.065,0.074,prod_019,1,22
Grandio,VOCO,,,"87.0 wt%, 71.4 wt%",nano-hybrid,105.3 (1.5),16.3 (0.9),128 (18,85.84973809347852,,nano-hybrid,128.0,0.034,0.002,0.012,0.041,0.049,0.99,0.053,0.006,0.011,0.052,0.027,0.084,0.001,0.038,prod_019,1,22
Grandio,VOCO,,,"87.0 wt%, 71.4 wt%",nano-hybrid,105.3 (1.5),16.3 (0.9),128 (18,87.82764557167943,,nano-hybrid,128.0,0.077,0.052,0.098,0.013,0.002,1.027,0.081,0.001,0.046,0.096,0.052,0.068,0.031,0.077,prod_019,1,22
Grandio,VOCO,,,"87.0 wt%, 71.4 wt%",nano-hybrid,105.3 (1.5),16.3 (0.9),128 (18,83.69580289334901,,nano-hybrid,128.0,0.0,0.03,0.065,0.097,0.085,0.952,0.09,0.027,0.002,0.029,0.077,0.052,0.035,0.037,prod_019,1,22
Grandio,VOCO,,,"87.0 wt%, 71.4 wt%",nano-hybrid,105.3 (1.5),16.3 (0.9),128 (18,89.46382619569805,,nano-hybrid,128.0,0.048,0.075,0.047,0.006,0.096,1.044,0.079,0.078,0.046,0.04,0.03,0.007,0.023,0.025,prod_019,1,22
Grandio,VOCO,,,"87.0 wt%, 71.4 wt%",nano-hybrid,105.3 (1.5),16.3 (0.9),128 (18,91.27455274360872,,nano-hybrid,128.0,0.062,0.078,0.058,0.015,0.081,1.014,0.039,0.054,0.096,0.008,0.037,0.023,0.02,0.014,prod_019,1,22
Grandio,VOCO,,,"87.0 wt%, 71.4 wt%",nano-hybrid,105.3 (1.5),16.3 (0.9),128 (18,88.51493357116375,,nano-hybrid,128.0,0.006,0.015,0.001,0.063,0.045,0.963,0.096,0.026,0.035,0.092,0.029,0.047,0.089,0.071,prod_019,1,22
Grandio,VOCO,,,"87.0 wt%, 71.4 wt%",nano-hybrid,105.3 (1.5),16.3 (0.9),128 (18,87.2580395983269,,nano-hybrid,128.0,0.055,0.043,0.004,0.017,0.045,0.971,0.005,0.024,0.05,0.068,0.008,0.027,0.081,0.046,prod_019,1,22
Venus Pear,Heraeus Kulzer,,Barium aluminium fluoride glass/highly discrete nanoparticles (5nm–5m),"80 wt%, 59 vol%",mMicro-hybrid,161 (12),9.6 (0.7),67.5 (0.9),80.0,59.0,mmicro-hybrid,67.5,False,False,False,True,False,False,False,1.0,0.0,0.0,1.0,0.0,0.0,0.0,prod_020,0,23
Venus Pear,Heraeus Kulzer,,Barium aluminium fluoride glass/highly discrete nanoparticles (5nm–5m),"80 wt%, 59 vol%",mMicro-hybrid,161 (12),9.6 (0.7),67.5 (0.9),82.7491973124146,61.839035922068284,mmicro-hybrid,67.5,0.071,0.098,0.057,0.976,0.044,0.059,0.007,1.029,0.085,0.024,1.046,0.02,0.095,0.099,prod_020,1,23
Venus Pear,Heraeus Kulzer,,Barium aluminium fluoride glass/highly discrete nanoparticles (5nm–5m),"80 wt%, 59 vol%",mMicro-hybrid,161 (12),9.6 (0.7),67.5 (0.9),80.97874611693797,61.838949236897534,mmicro-hybrid,67.5,0.076,0.016,0.048,1.022,0.025,0.064,0.067,0.969,0.079,0.091,1.044,0.096,0.052,0.098,prod_020,1,23
Venus Pear,Heraeus Kulzer,,Barium aluminium fluoride glass/highly discrete nanoparticles (5nm–5m),"80 wt%, 59 vol%",mMicro-hybrid,161 (12),9.6 (0.7),67.5 (0.9),77.30159795046853,59.38400334347127,mmicro-hybrid,67.5,0.063,0.022,0.032,1.035,0.073,0.01,0.043,1.027,0.05,0.001,0.951,0.036,0.093,0.023,prod_020,1,23
Venus Pear,Heraeus Kulzer,,Barium aluminium fluoride glass/highly discrete nanoparticles (5nm–5m),"80 wt%, 59 vol%",mMicro-hybrid,161 (12),9.6 (0.7),67.5 (0.9),76.23335810916211,58.887251864957754,mmicro-hybrid,67.5,0.076,0.037,0.039,1.025,0.092,0.095,0.058,1.016,0.012,0.029,0.99,0.092,0.099,0.004,prod_020,1,23
Venus Pear,Heraeus Kulzer,,Barium aluminium fluoride glass/highly discrete nanoparticles (5nm–5m),"80 wt%, 59 vol%",mMicro-hybrid,161 (12),9.6 (0.7),67.5 (0.9),78.85696927440402,60.6965396065668,mmicro-hybrid,67.5,0.01,0.051,0.022,0.954,0.004,0.018,0.087,0.975,0.056,0.036,1.016,0.024,0.019,0.092,prod_020,1,23
Venus Pear,Heraeus Kulzer,,Barium aluminium fluoride glass/highly discrete nanoparticles (5nm–5m),"80 wt%, 59 vol%",mMicro-hybrid,161 (12),9.6 (0.7),67.5 (0.9),78.25982995181622,61.65770910639425,mmicro-hybrid,67.5,0.089,0.095,0.089,0.992,0.078,0.048,0.05,1.008,0.044,0.058,1.002,0.076,0.028,0.035,prod_020,1,23
Venus Pear,Heraeus Kulzer,,Barium aluminium fluoride glass/highly discrete nanoparticles (5nm–5m),"80 wt%, 59 vol%",mMicro-hybrid,161 (12),9.6 (0.7),67.5 (0.9),77.63744087245827,59.53766878922525,mmicro-hybrid,67.5,0.051,0.041,0.081,1.034,0.033,0.069,0.077,0.969,0.033,0.086,0.971,0.007,0.007,0.094,prod_020,1,23
Venus Pear,Heraeus Kulzer,,Barium aluminium fluoride glass/highly discrete nanoparticles (5nm–5m),"80 wt%, 59 vol%",mMicro-hybrid,161 (12),9.6 (0.7),67.5 (0.9),81.23720549492762,56.944410941320584,mmicro-hybrid,67.5,0.0,0.042,0.052,0.955,0.097,0.023,0.03,1.038,0.054,0.028,0.993,0.004,0.013,0.077,prod_020,1,23
Venus Pear,Heraeus Kulzer,,Barium aluminium fluoride glass/highly discrete nanoparticles (5nm–5m),"80 wt%, 59 vol%",mMicro-hybrid,161 (12),9.6 (0.7),67.5 (0.9),78.43154009804022,57.40945830649236,mmicro-hybrid,67.5,0.042,0.03,0.033,1.021,0.082,0.018,0.037,0.95,0.073,0.097,0.972,0.066,0.074,0.085,prod_020,1,23
